DisplayName,NewApp
7-Zip 15.05 beta x64,7-Zip 18.05
7-Zip 15.06 beta (x64),7-Zip 18.05
7-Zip 15.07 beta (x64),7-Zip 18.05
7-Zip 15.08 beta (x64),7-Zip 18.05
7-Zip 15.11 beta,7-Zip 18.05
7-Zip 15.12 (x64),7-Zip 18.05
7-Zip 15.14,7-Zip 18.05
7-Zip 15.14 (x64 edition),7-Zip 18.05
7-Zip 15.14 (x64),7-Zip 18.05
7-Zip 16.00 (x64),7-Zip 18.05
7-Zip 16.01 (x64),7-Zip 18.05
7-Zip 16.02 (x64),7-Zip 18.05
7-Zip 16.03 (x64),7-Zip 18.05
7-Zip 16.04,7-Zip 18.05
7-Zip 16.04 (x64 edition),7-Zip 18.05
7-Zip 16.04 (x64),7-Zip 18.05
7-Zip 17.00 beta (x64),7-Zip 18.05
7-Zip 17.01 beta (x64),7-Zip 18.05
7-Zip 18.01 (x64),7-Zip 18.05
7-Zip 18.05 (x64 edition),7-Zip 18.05
7-Zip 18.05 (x64),7-Zip 18.05
7-Zip 18.06 (x64 edition),7-Zip 18.05
7-Zip 18.06 (x64),7-Zip 18.05
7-Zip 4.65 (x64 edition),7-Zip 18.05
7-Zip 9.20,7-Zip 18.05
7-Zip 9.20 (x64 edition),7-Zip 18.05
7-Zip 9.21,7-Zip 18.05
7-Zip 9.22beta,7-Zip 18.05
7-Zip 9.34 alpha,7-Zip 18.05
7-Zip 9.38 (x64 edition),7-Zip 18.05
7-Zip 9.38 beta,7-Zip 18.05
Acrobat Pro,Adobe Acrobat Pro
Adjust,Adjust
Adobe Acrobat 5.0,Adobe Acrobat Pro
Adobe Acrobat 9 Pro,Adobe Acrobat Pro
Adobe Acrobat 9.3.4 - CPSID_83708,Adobe Acrobat Pro
Adobe Acrobat 9.5.5 - CPSID_83708,Adobe Acrobat Pro
Adobe Acrobat Reader DC,Adobe Acrobat Reader DC
Adobe Acrobat Reader DC (2015) MUI,Adobe Acrobat Reader DC
Adobe Acrobat Reader DC MUI,Adobe Acrobat Reader DC
Adobe Acrobat XI Pro,Adobe Acrobat Pro
Adobe AIR,Adobe AIR
Adobe Camera Raw 4.0,Adobe Camera Raw
Adobe Digital Editions,Adobe Digital Editions 4.5.8
Adobe Digital Editions 2.0,Adobe Digital Editions 4.5.8
Adobe Digital Editions 3.0,Adobe Digital Editions 4.5.8
Adobe Digital Editions 4.0,Adobe Digital Editions 4.5.8
Adobe Digital Editions 4.5,Adobe Digital Editions 4.5.8
Adobe Digital Editions 4.5.8,Adobe Digital Editions 4.5.8
Adobe Dreamweaver CS4,Adobe Dreamweaver
Adobe Dreamweaver CS5,Adobe Dreamweaver
Adobe Dreamweaver CS5.5,Adobe Dreamweaver
Adobe Dreamweaver CS6,Adobe Dreamweaver
Adobe Fireworks CS4,Adobe Fireworks
Adobe Fireworks CS5,Adobe Fireworks
Adobe Fireworks CS5 x64,Adobe Fireworks
Adobe Fireworks CS6,Adobe Fireworks
Adobe Fireworks CS6 x64,Adobe Fireworks
Adobe Flash CS4,Adobe Flash Pro
Adobe Flash CS4 Professional,Adobe Flash Pro
Adobe Flash Player 10 ActiveX,Adobe Flash Player 29 ActiveX
Adobe Flash Player 10 Plugin,Adobe Flash Player 29 NPAPI
Adobe Flash Player 11 ActiveX,Adobe Flash Player 29 ActiveX
Adobe Flash Player 11 ActiveX (x64),Adobe Flash Player 29 ActiveX
Adobe Flash Player 11 ActiveX 64-bit,Adobe Flash Player 29 ActiveX
Adobe Flash Player 11 Plugin,Adobe Flash Player 29 NPAPI
Adobe Flash Player 11 Plugin 64-bit,Adobe Flash Player 29 NPAPI
Adobe Flash Player 12 ActiveX,Adobe Flash Player 29 ActiveX
Adobe Flash Player 12 Plugin,Adobe Flash Player 29 NPAPI
Adobe Flash Player 13 ActiveX,Adobe Flash Player 29 ActiveX
Adobe Flash Player 13 Plugin,Adobe Flash Player 29 NPAPI
Adobe Flash Player 15 ActiveX,Adobe Flash Player 29 ActiveX
Adobe Flash Player 15 Plugin,Adobe Flash Player 29 NPAPI
Adobe Flash Player 16 ActiveX,Adobe Flash Player 29 ActiveX
Adobe Flash Player 16 NPAPI,Adobe Flash Player 29 NPAPI
Adobe Flash Player 17 ActiveX,Adobe Flash Player 29 ActiveX
Adobe Flash Player 18 ActiveX,Adobe Flash Player 29 ActiveX
Adobe Flash Player 18 NPAPI,Adobe Flash Player 29 NPAPI
Adobe Flash Player 19 ActiveX,Adobe Flash Player 29 ActiveX
Adobe Flash Player 19 NPAPI,Adobe Flash Player 29 NPAPI
Adobe Flash Player 19 PPAPI,Adobe Flash Player 29 PPAPI
Adobe Flash Player 20 ActiveX,Adobe Flash Player 29 ActiveX
Adobe Flash Player 20 NPAPI,Adobe Flash Player 29 NPAPI
Adobe Flash Player 21 ActiveX,Adobe Flash Player 29 ActiveX
Adobe Flash Player 21 NPAPI,Adobe Flash Player 29 NPAPI
Adobe Flash Player 21 PPAPI,Adobe Flash Player 29 PPAPI
Adobe Flash Player 22 ActiveX,Adobe Flash Player 29 ActiveX
Adobe Flash Player 22 NPAPI,Adobe Flash Player 29 NPAPI
Adobe Flash Player 22 PPAPI,Adobe Flash Player 29 PPAPI
Adobe Flash Player 23 ActiveX,Adobe Flash Player 29 ActiveX
Adobe Flash Player 23 NPAPI,Adobe Flash Player 29 NPAPI
Adobe Flash Player 23 PPAPI,Adobe Flash Player 29 PPAPI
Adobe Flash Player 24 ActiveX,Adobe Flash Player 29 ActiveX
Adobe Flash Player 24 NPAPI,Adobe Flash Player 29 NPAPI
Adobe Flash Player 24 PPAPI,Adobe Flash Player 29 PPAPI
Adobe Flash Player 25 ActiveX,Adobe Flash Player 29 ActiveX
Adobe Flash Player 25 NPAPI,Adobe Flash Player 29 NPAPI
Adobe Flash Player 25 PPAPI,Adobe Flash Player 29 PPAPI
Adobe Flash Player 26 ActiveX,Adobe Flash Player 29 ActiveX
Adobe Flash Player 26 NPAPI,Adobe Flash Player 29 NPAPI
Adobe Flash Player 26 PPAPI,Adobe Flash Player 29 PPAPI
Adobe Flash Player 27 ActiveX,Adobe Flash Player 29 ActiveX
Adobe Flash Player 27 NPAPI,Adobe Flash Player 29 NPAPI
Adobe Flash Player 27 PPAPI,Adobe Flash Player 29 PPAPI
Adobe Flash Player 28 ActiveX,Adobe Flash Player 29 ActiveX
Adobe Flash Player 28 NPAPI,Adobe Flash Player 29 NPAPI
Adobe Flash Player 28 PPAPI,Adobe Flash Player 29 PPAPI
Adobe Flash Player 29 ActiveX,Adobe Flash Player 29 ActiveX
Adobe Flash Player 29 NPAPI,Adobe Flash Player 29 NPAPI
Adobe Flash Player 29 PPAPI,Adobe Flash Player 29 PPAPI
Adobe Flash Player 30 ActiveX,Adobe Flash Player 29 ActiveX
Adobe Flash Player 30 NPAPI,Adobe Flash Player 29 NPAPI
Adobe Flash Player 30 PPAPI,Adobe Flash Player 29 PPAPI
Adobe Flash Player 31 ActiveX,Adobe Flash Player 29 ActiveX
Adobe Flash Player 31 NPAPI,Adobe Flash Player 29 NPAPI
Adobe Flash Player 31 PPAPI,Adobe Flash Player 29 PPAPI
Adobe Flash Player 32 ActiveX,Adobe Flash Player 29 ActiveX
Adobe Flash Player 32 NPAPI,Adobe Flash Player 29 NPAPI
Adobe Flash Player 32 PPAPI,Adobe Flash Player 29 PPAPI
Adobe Flash Player 9 ActiveX,Adobe Flash Player 29 ActiveX
Adobe Flash Player Plugin,Adobe Flash Player 29 PPAPI
Adobe Flash Pro CS5,Adobe Flash Pro
Adobe Flash Pro CS6 x64,Adobe Flash Pro
Adobe Flash Professional CS5,Adobe Flash Pro
Adobe Flash Professional CS5.5,Adobe Flash Pro
Adobe Flash Professional CS6,Adobe Flash Pro
Adobe Illustrator CS4,Adobe Illustrator
Adobe Illustrator CS5,Adobe Illustrator
Adobe Illustrator CS5 x64,Adobe Illustrator
Adobe Illustrator CS6,Adobe Illustrator
Adobe Illustrator CS6 x64,Adobe Illustrator
Adobe InDesign CS4,Adobe InDesign
Adobe InDesign CS4 Application Feature Set Files (Roman),Adobe InDesign
Adobe InDesign CS4 Common Base Files,Adobe InDesign
Adobe InDesign CS4 Icon Handler,Adobe InDesign
Adobe InDesign CS4 Icon Handler x64,Adobe InDesign
Adobe InDesign CS5,Adobe InDesign
Adobe InDesign CS5.5,Adobe InDesign
Adobe InDesign CS6,Adobe InDesign
Adobe InDesign CS6 8.0.1 x64,Adobe InDesign
Adobe Photoshop CS3,Adobe Photoshop
Adobe Photoshop CS4,Adobe Photoshop
Adobe Photoshop CS4 (64 Bit),Adobe Photoshop
Adobe Photoshop CS4 Support,Adobe Photoshop
Adobe Photoshop CS5,Adobe Photoshop
Adobe Photoshop CS5 x32,Adobe Photoshop
Adobe Photoshop CS5 x64,Adobe Photoshop
Adobe Photoshop CS6,Adobe Photoshop
Adobe Premiere Pro CS4,Adobe Premiere Pro
Adobe Premiere Pro CS5.5,Adobe Premiere Pro
Adobe Premiere Pro CS6,Adobe Premiere Pro
Adobe Premiere Pro CS6 6.0.3 x64,Adobe Premiere Pro
Adobe Premiere Professional CS5.5 x64,Adobe Premiere Pro
Adobe Reader 9,Adobe Acrobat Reader DC
Adobe Reader 9.4.0,Adobe Acrobat Reader DC
Adobe Reader 9.4.5,Adobe Acrobat Reader DC
Adobe Reader X (10.1.0),Adobe Acrobat Reader DC
Adobe Reader X (10.1.1),Adobe Acrobat Reader DC
Adobe Reader X (10.1.10),Adobe Acrobat Reader DC
Adobe Reader X (10.1.16),Adobe Acrobat Reader DC
Adobe Reader X (10.1.16) MUI,Adobe Acrobat Reader DC
Adobe Reader X (10.1.3),Adobe Acrobat Reader DC
Adobe Reader X (10.1.4),Adobe Acrobat Reader DC
Adobe Reader X (10.1.6),Adobe Acrobat Reader DC
Adobe Reader X (10.1.7),Adobe Acrobat Reader DC
Adobe Reader X (10.1.8),Adobe Acrobat Reader DC
Adobe Reader X (10.1.9),Adobe Acrobat Reader DC
Adobe Reader XI,Adobe Acrobat Reader DC
Adobe Reader XI  MUI,Adobe Acrobat Reader DC
Adobe Reader XI (11.0.01),Adobe Acrobat Reader DC
Adobe Reader XI (11.0.02),Adobe Acrobat Reader DC
Adobe Reader XI (11.0.03),Adobe Acrobat Reader DC
Adobe Reader XI (11.0.04),Adobe Acrobat Reader DC
Adobe Reader XI (11.0.05),Adobe Acrobat Reader DC
Adobe Reader XI (11.0.06),Adobe Acrobat Reader DC
Adobe Reader XI (11.0.07),Adobe Acrobat Reader DC
Adobe Reader XI (11.0.08),Adobe Acrobat Reader DC
Adobe Reader XI (11.0.09),Adobe Acrobat Reader DC
Adobe Reader XI (11.0.10),Adobe Acrobat Reader DC
Adobe Reader XI (11.0.11),Adobe Acrobat Reader DC
Adobe Reader XI (11.0.12),Adobe Acrobat Reader DC
Adobe Reader XI (11.0.13),Adobe Acrobat Reader DC
Adobe Reader XI (11.0.14),Adobe Acrobat Reader DC
Adobe Reader XI (11.0.14)  MUI,Adobe Acrobat Reader DC
Adobe Reader XI (11.0.15),Adobe Acrobat Reader DC
Adobe Reader XI (11.0.16),Adobe Acrobat Reader DC
Adobe Reader XI (11.0.16)  MUI,Adobe Acrobat Reader DC
Adobe Reader XI (11.0.17),Adobe Acrobat Reader DC
Adobe Reader XI (11.0.17)  MUI,Adobe Acrobat Reader DC
Adobe Reader XI (11.0.18),Adobe Acrobat Reader DC
Adobe Reader XI (11.0.18)  MUI,Adobe Acrobat Reader DC
Adobe Reader XI (11.0.19),Adobe Acrobat Reader DC
Adobe Reader XI (11.0.20),Adobe Acrobat Reader DC
Adobe Reader XI (11.0.20)  MUI,Adobe Acrobat Reader DC
Adobe Reader XI (11.0.21),Adobe Acrobat Reader DC
Adobe Reader XI (11.0.22),Adobe Acrobat Reader DC
Adobe Reader XI (11.0.22)  MUI,Adobe Acrobat Reader DC
Adobe Reader XI (11.0.23),Adobe Acrobat Reader DC
Adobe Reader XI (11.0.23)  MUI,Adobe Acrobat Reader DC
Adobe Shockwave Player 11,Adobe Shockwave Player 12.3
Adobe Shockwave Player 11.5,Adobe Shockwave Player 12.3
Adobe Shockwave Player 11.6,Adobe Shockwave Player 12.3
Adobe Shockwave Player 12.0,Adobe Shockwave Player 12.3
Adobe Shockwave Player 12.1,Adobe Shockwave Player 12.3
Adobe Shockwave Player 12.2,Adobe Shockwave Player 12.3
Adobe Shockwave Player 12.3,Adobe Shockwave Player 12.3
AeroSIMRC,AeroSIMRC
Agilent MSD Chemstation Classic Data Analysis (G1701FA),Chemstation
Agisoft PhotoScan Professional,Agisoft PhotoScan Professional
Agisoft PhotoScan Standard,Agisoft PhotoScan Professional
AI CS6 v16.0.3 x64,Adobe Illustrator
AirServer Universal (x64),AirServer Universal (x64)
AirServer Universal (x64) 4.0.20,AirServer Universal (x64)
AkWarm,AkWarm
Alertus Desktop,Alertus Desktop
Alertus Desktop Alert,Alertus Desktop
Android Studio,Android Studio
ANSEP RICOH [RICOH MP 2555 PCL 6],ANSEP Ricoh Printer
ANSEP Ricoh Printer [RICOH MP 2555 PS],ANSEP Ricoh Printer
ansys,Ansys 19.2
ArcGIS,ArcGIS Desktop 10.6.1
ArcGIS 10.1 for Desktop,ArcGIS Desktop 10.6.1
ArcGIS 10.2 for Desktop,ArcGIS Desktop 10.6.1
ArcGIS 10.2.1 for Desktop,ArcGIS Desktop 10.6.1
ArcGIS 10.3 for Desktop,ArcGIS Desktop 10.6.1
ArcGIS 10.3.1 for Desktop,ArcGIS Desktop 10.6.1
ArcGIS 10.4 for Desktop,ArcGIS Desktop 10.6.1
ArcGIS 10.4.1 for Desktop,ArcGIS Desktop 10.6.1
ArcGIS Desktop 10,ArcGIS Desktop 10.6.1
ArcGIS Desktop 10.5,ArcGIS Desktop 10.6.1
ArcGIS Desktop 10.5.1,ArcGIS Desktop 10.6.1
ArcGIS Desktop 10.6,ArcGIS Desktop 10.6.1
ArcGIS Desktop 10.6.1,ArcGIS Desktop 10.6.1
ArcGIS Pro,ArcGIS Pro 2.1.2
Arduino,Arduino
ASCOM Platform,ASCOM Platform
ASCOM Platform 5.0b,ASCOM Platform
ASCOM Platform 6.2,ASCOM Platform
Audacity 1.2.6,Audacity
Audacity 2.0,Audacity
Audacity 2.0.5,Audacity
Audacity 2.0.6,Audacity
Audacity 2.1.0,Audacity
Audacity 2.1.1,Audacity
Audacity 2.1.2,Audacity
Audacity 2.1.3,Audacity
Audacity 2.2.1,Audacity
Audacity 2.2.2,Audacity
Audacity 2.3.0,Audacity
AutoCAD 2013 - English,AutoCAD 2019
AutoCAD 2013 - English SP1.1,AutoCAD 2019
AutoCAD 2013 - English SP2,AutoCAD 2019
AutoCAD 2014 - English,AutoCAD 2019
AutoCAD 2015 - English,AutoCAD 2019
AutoCAD 2016,AutoCAD 2019
AutoCAD 2016 - English,AutoCAD 2019
AutoCAD 2017,AutoCAD 2019
AutoCAD 2017 - English,AutoCAD 2019
AutoCAD 2018,AutoCAD 2019
AutoCAD 2018 - English,AutoCAD 2019
AutoCAD 2019,AutoCAD 2019
AutoCAD 2019 - English,AutoCAD 2019
AutoCAD Architecture 2013 - English,AutoCAD Architecture 2019
AutoCAD Architecture 2015 - English,AutoCAD Architecture 2019
AutoCAD Architecture 2017,AutoCAD Architecture 2019
AutoCAD Architecture 2017 - English,AutoCAD Architecture 2019
AutoCAD Architecture 2017 Core,AutoCAD Architecture 2019
AutoCAD Civil 3D 2013,Autodesk Civil 3D 2019
AutoCAD Civil 3D 2013 - English,Autodesk Civil 3D 2019
AutoCAD Electrical 2013,AutoCAD Electrical 2019
AutoCAD Electrical 2015 - English,AutoCAD Electrical 2019
AutoCAD Electrical 2017,AutoCAD Electrical 2019
AutoCAD Electrical 2017 - English,AutoCAD Electrical 2019
AutoCAD Mechanical 2013 - English,AutoCAD Mechanical 2019
AutoCAD Mechanical 2015 - English,AutoCAD Mechanical 2019
AutoCAD Mechanical 2017,AutoCAD Mechanical 2019
AutoCAD Mechanical 2017 - English,AutoCAD Mechanical 2019
Autodesk 3ds Max 2017,Autodesk 3ds Max 2019
Autodesk 3ds Max 2017 SP1,Autodesk 3ds Max 2019
Autodesk 3ds Max 2017 SP2,Autodesk 3ds Max 2019
Autodesk 3ds Max 2017 SP3,Autodesk 3ds Max 2019
Autodesk 3ds Max 2019,Autodesk 3ds Max 2019
Autodesk 3ds Max Design 2015,Autodesk 3ds Max 2019
Autodesk AutoCAD 2014 - English,AutoCAD 2019
Autodesk AutoCAD 2014 - English SP1,AutoCAD 2019
Autodesk AutoCAD 2015 - English,AutoCAD 2019
Autodesk AutoCAD 2015 - English SP2,AutoCAD 2019
Autodesk AutoCAD 2016 - English,AutoCAD 2019
Autodesk AutoCAD 2016 SP 1,AutoCAD 2019
Autodesk AutoCAD 2016.0.10,AutoCAD 2019
Autodesk AutoCAD 2017 - English,AutoCAD 2019
Autodesk AutoCAD 2017 SP 1,AutoCAD 2019
Autodesk AutoCAD 2017.1.2 Update,AutoCAD 2019
Autodesk AutoCAD 2018 - English,AutoCAD 2019
Autodesk AutoCAD 2019 - English,AutoCAD 2019
Autodesk AutoCAD Architecture 2015 - English,AutoCAD Architecture 2019
Autodesk AutoCAD Architecture 2017 - English,AutoCAD Architecture 2019
Autodesk AutoCAD Architecture 2017 SP1,AutoCAD Architecture 2019
Autodesk AutoCAD Civil 3D 2015,Autodesk Civil 3D 2019
Autodesk AutoCAD Civil 3D 2015 - English,Autodesk Civil 3D 2019
Autodesk AutoCAD Civil 3D 2017,Autodesk Civil 3D 2019
Autodesk AutoCAD Civil 3D 2017 - English,Autodesk Civil 3D 2019
Autodesk AutoCAD Electrical 2015 - English,AutoCAD Electrical 2019
Autodesk AutoCAD Electrical 2017 - English,AutoCAD Electrical 2019
Autodesk AutoCAD Electrical 2017 SP 1,AutoCAD Electrical 2019
Autodesk AutoCAD Map 3D 2015,AutoCAD Map 3D 2019
Autodesk AutoCAD Map 3D 2017,AutoCAD Map 3D 2019
Autodesk AutoCAD Map 3D 2017 SP1,AutoCAD Map 3D 2019
Autodesk AutoCAD Map 3D 2019 Core,AutoCAD Map 3D 2019
Autodesk AutoCAD Mechanical 2015 - English,AutoCAD Mechanical 2019
Autodesk AutoCAD Mechanical 2017 - English,AutoCAD Mechanical 2019
Autodesk AutoCAD Mechanical 2017 SP 1,AutoCAD Mechanical 2019
Autodesk AutoCAD Mechanical 2017.0.1 Update,AutoCAD Mechanical 2019
Autodesk Civil 3D 2019,Autodesk Civil 3D 2019
Autodesk Civil 3D 2019 - English,Autodesk Civil 3D 2019
Autodesk Design Review,Autodesk Design Review
Autodesk Design Review 2013,Autodesk Design Review
Autodesk Inventor 2017,Autodesk Inventor 2019
Autodesk Inventor 2017 - English,Autodesk Inventor 2019
Autodesk Inventor 2017 SP1,Autodesk Inventor 2019
Autodesk Inventor Professional 2015,Autodesk Inventor 2019
Autodesk Inventor Professional 2015 - English,Autodesk Inventor 2019
Autodesk Inventor Professional 2017,Autodesk Inventor 2019
Autodesk Inventor Professional 2017 - English,Autodesk Inventor 2019
Autodesk Inventor Professional 2018,Autodesk Inventor 2019
Autodesk Inventor Professional 2018 - English,Autodesk Inventor 2019
Autodesk Revit 2013,Revit 2019
Autodesk Revit 2015,Revit 2019
Autodesk Revit 2017,Revit 2019
Autodesk Revit 2017.2.3,Revit 2019
Autodesk Revit 2018,Revit 2019
Autodesk Revit 2019,Revit 2019
Autodesk Robot Structural Analysis Professional 2017,Autodesk Robot Structural Analysis Professional 2019
Autodesk SketchBook,Autodesk SketchBook 2019
Autodesk SketchBook Designer 2013,Autodesk SketchBook 2019
Autodesk SketchBook Designer 2013 SP2,Autodesk SketchBook 2019
Autodesk SketchBook Designer 2014,Autodesk SketchBook 2019
Autodesk SketchBook Designer for AutoCAD 2013,Autodesk SketchBook 2019
Autodesk SketchBook for Enterprise 2019,Autodesk SketchBook 2019
Blackboard Collaborate Launcher,Blackboard Collaborate Launcher
Bluebeam Revu x64 11,Bluebeam Revu x64 2018.1
Bluebeam Revu x64 2015,Bluebeam Revu x64 2018.1
Bluebeam Revu x64 2016.5.1,Bluebeam Revu x64 2018.1
Bluebeam Revu x64 2017,Bluebeam Revu x64 2018.1
Bluebeam Revu x64 2018.1,Bluebeam Revu x64 2018.1
Bomgar Representative Console 15.1.1 [assist.uaa.alaska.edu],Bomgar
Bomgar Representative Console 16.1.4 [assist.uaa.alaska.edu],Bomgar
Bomgar Representative Console 18.1.4 [assist.uaa.alaska.edu],Bomgar
CamStudio 2.7,CamStudio
CamStudio 2.7.4,CamStudio
Camtasia,Camtasia
Camtasia Studio 7,Camtasia
Carlson 2017 with AutoCAD 2015 (64-bit),Carlson Survey
Carlson 2017 with AutoCAD 2017 (64-bit),Carlson Survey
Carlson 2018 with IntelliCAD 8.3 (64-bit),Carlson Survey
Carlson Survey 2017,Carlson Survey
CFlow Plus,CFlow Plus
ChemSketch,ChemSketch
Chemstation,Chemstation
Cisco AnyConnect VPN Client,Cisco AnyConnect Secure Mobility Client
Cisco Packet Tracer 6.2 Instructor,Cisco Packet Tracer
Cisco Packet Tracer 6.2 Student,Cisco Packet Tracer
Cisco Packet Tracer 7.0 64Bit,Cisco Packet Tracer
Cisco Packet Tracer 7.1 64Bit,Cisco Packet Tracer
Cisco Packet Tracer 7.1.1 32Bit,Cisco Packet Tracer
Cisco Packet Tracer 7.1.1 64Bit,Cisco Packet Tracer
Cisco Packet Tracer 7.2 32Bit,Cisco Packet Tracer
Cisco Packet Tracer 7.2 64Bit,Cisco Packet Tracer
Cisco Packet Tracer 7.2.1 64Bit,Cisco Packet Tracer
Cisco Systems VPN Client 5.0.07.0290,Cisco AnyConnect Secure Mobility Client
Clarity LITE,Clarity LITE
CloudCompare 2.10.beta,Cloud Compare
CloudCompareStereo 2.10,Cloud Compare
CloudCompareStereo 2.9.1,Cloud Compare
Corpscon 6.0.1,Corpscon6
Corpscon6,Corpscon6
Counterpointer Update version 2.051,Counterpointer
Counterpointer version 2.049,Counterpointer
Counterpointer version Site 2.056,Counterpointer
Crime Stat,Crime Stat
CUDA Toolkit,Cuda Toolkit
Digilent Adapt,Adept
Digital Geiger Counter Lite,Digital Geiger Counter Lite
DJI Assistant 2 version V1.1.1,DJI ESC Assistant
DJI ESC Assistant,DJI ESC Assistant
DJI ESC Assistant version 1.4,DJI ESC Assistant
DJI ESCAssistant version 1.0,DJI ESC Assistant
DJI NAZAM Assistant version 2.20,NAZAM Assistant
DNRGarmin,DNR Garmin
DW CS6 v12.0.3 x64,Adobe Dreamweaver
EAGLE 9.1.3,Autodesk Eagle
EAGLE 9.2.0,Autodesk Eagle
ECLIPSE 2017.1,Eclipse 2017.2
ECLIPSE 2017.2,Eclipse 2017.2
Eclipse IDE for C and Java,Eclipse IDE
ECLIPSE Software 2010.1,Eclipse 2017.2
ECLIPSE Software 2017.1,Eclipse 2017.2
ECLIPSE Software 2017.2,Eclipse 2017.2
eCognition,eCognition Developer Trial
eCognition Developer 9.1,eCognition Developer Trial
eCognition Developer 9.2,eCognition Developer Trial
eCognition Developer Trial,eCognition Developer Trial
eCognition Developer Trial 9.4,eCognition Developer Trial
eCognition Essentials Trial,eCognition Essentials Trial
eCognition Essentials Trial 1.3,eCognition Essentials Trial
EES,EES
EES - Engineering Equation Solver,EES
eQuest,eQUEST 3-65
eQUEST 3-65,eQUEST 3-65
EndNote X1,EndNote X9
EndNote X4,EndNote X9
EndNote X7,EndNote X7
EndNote X8,EndNote X8
EndNote X9,EndNote X9
ERDAS IMAGINE 2015,ERDAS IMAGINE
ERDAS IMAGINE 9.3,ERDAS IMAGINE
EventPro,Event Pro
Evernote v. 4.2.2,Evernote v. 6.17.6
Evernote v. 4.2.3,Evernote v. 6.17.6
Evernote v. 5.0.2,Evernote v. 6.17.6
Evernote v. 5.4,Evernote v. 6.17.6
Evernote v. 5.8.3,Evernote v. 6.17.6
Evernote v. 5.8.6,Evernote v. 6.17.6
Evernote v. 5.8.8,Evernote v. 6.17.6
Evernote v. 5.9.6,Evernote v. 6.17.6
Evernote v. 6.1.2,Evernote v. 6.17.6
Evernote v. 6.10.3,Evernote v. 6.17.6
Evernote v. 6.14.5,Evernote v. 6.17.6
Evernote v. 6.15.3,Evernote v. 6.17.6
Evernote v. 6.15.4,Evernote v. 6.17.6
Evernote v. 6.16.4,Evernote v. 6.17.6
Evernote v. 6.17.6,Evernote v. 6.17.6
Evernote v. 6.4.2,Evernote v. 6.17.6
Evernote v. 6.5.4,Evernote v. 6.17.6
Evernote v. 6.6.4,Evernote v. 6.17.6
Evernote v. 6.7.4,Evernote v. 6.17.6
Evernote v. 6.7.5,Evernote v. 6.17.6
FEHT,FEHT
FileOpen Client (x64) B928,FileOpen Client (x64) B990
FileOpen Client (x64) B945,FileOpen Client (x64) B990
FileOpen Client (x64) B971,FileOpen Client (x64) B990
FileOpen Client B969,FileOpen Client (x64) B990
FileOpen Client B971,FileOpen Client (x64) B990
FileOpen Client B979,FileOpen Client (x64) B990
FileZilla,FileZilla
FileZilla Client 3.10.0.2,FileZilla
FileZilla Client 3.11.0.2,FileZilla
FileZilla Client 3.12.0.2,FileZilla
FileZilla Client 3.14.1,FileZilla
FileZilla Client 3.16.1,FileZilla
FileZilla Client 3.17.0.1,FileZilla
FileZilla Client 3.18.0,FileZilla
FileZilla Client 3.19.0,FileZilla
FileZilla Client 3.21.0,FileZilla
FileZilla Client 3.23.0.2,FileZilla
FileZilla Client 3.24.0,FileZilla
FileZilla Client 3.25.1,FileZilla
FileZilla Client 3.26.2,FileZilla
FileZilla Client 3.27.1,FileZilla
FileZilla Client 3.28.0,FileZilla
FileZilla Client 3.29.0,FileZilla
FileZilla Client 3.3.3,FileZilla
FileZilla Client 3.30.0,FileZilla
FileZilla Client 3.32.0,FileZilla
FileZilla Client 3.33.0,FileZilla
FileZilla Client 3.34.0,FileZilla
FileZilla Client 3.35.2,FileZilla
FileZilla Client 3.36.0,FileZilla
FileZilla Client 3.37.1,FileZilla
FileZilla Client 3.37.3,FileZilla
FileZilla Client 3.38.1,FileZilla
FileZilla Client 3.39.0,FileZilla
FileZilla Client 3.40.0,FileZilla
FileZilla Client 3.5.3,FileZilla
FileZilla Client 3.7.3,FileZilla
FileZilla Client 3.8.1,FileZilla
FileZilla Client 3.9.0.5,FileZilla
FileZilla Client 3.9.0.6,FileZilla
Find Orb,Find Orb
Firefox Developer Edition 62.0 (x64 en-US),Mozilla Firefox
Firefox Developer Edition 64.0 (x64 en-US),Mozilla Firefox
Firefox Developer Edition 66.0 (x64 en-US),Mozilla Firefox
FITS Liberator 3.0.1,FITS Liberator
FL CS6 v12.0.2 x64,Adobe Flash Pro
Focusky 3.7.4,Focusky
Focusky 3.7.7,Focusky
Free Stopwatch,Free Stopwatch
FreeCAD 0.17 - A free open source CAD system,FreeCAD
FreeOCR v5.4,FreeOCR
FW CS6 v12.0.1 x64,Adobe Fireworks
G Suite Migration For Microsoft Outlook® 4.0.114.0,G Suite Sync - Office 2019 x64
G Suite Migration For Microsoft Outlook® 4.0.117.0,G Suite Sync - Office 2019 x64
G Suite Sync™ for Microsoft Outlook® 4.0.14.0,G Suite Sync - Office 2019 x64
G Suite Sync™ for Microsoft Outlook® 4.0.15.0,G Suite Sync - Office 2019 x64
G Suite Sync™ for Microsoft Outlook® 4.0.17.0,G Suite Sync - Office 2019 x64
G Suite Sync™ for Microsoft Outlook® 4.0.19.0,G Suite Sync - Office 2019 x64
G Suite Sync™ for Microsoft Outlook® 4.0.7.0,G Suite Sync - Office 2019 x64
G Suite Sync™ for Microsoft Outlook® 4.0.9.0,G Suite Sync - Office 2019 x64
Git version 2.10.0,GIT
Git version 2.10.2,GIT
Git version 2.11.0,GIT
Git version 2.11.1,GIT
Git version 2.13.3,GIT
Git version 2.14.1,GIT
Git version 2.15.0,GIT
Git version 2.15.1.2,GIT
Git version 2.16.1,GIT
Git version 2.16.1.4,GIT
Git version 2.16.2,GIT
Git version 2.17.0,GIT
Git version 2.17.1.2,GIT
Git version 2.18.0,GIT
Git version 2.19.0,GIT
Git version 2.20.1,GIT
Git version 2.21.0,GIT
Git version 2.6.1,GIT
Git version 2.7.0.2,GIT
Git version 2.7.1.2,GIT
Google Apps Migration For Microsoft Outlook® 4.0.29.9,G Suite Sync - Office 2019 x64
Google Apps Migration For Microsoft Outlook® 4.0.30.10,G Suite Sync - Office 2019 x64
Google Apps Sync,G Suite Sync - Office 2019 x64
Google Apps Sync™ for Microsoft Outlook® 3.8.440.1250,G Suite Sync - Office 2019 x64
Garmin BaseCamp,Garmin BaseCamp
Gephi 0.8.2,Gephi
Gephi 0.9.1,Gephi
Gephi 0.9.2,Gephi
GIMP,Gimp
GIMP 2.10.2,Gimp
GIMP 2.10.4,Gimp
GIMP 2.10.6,Gimp
GIMP 2.10.8,Gimp
GIMP 2.8.10,Gimp
GIMP 2.8.14,Gimp
GIMP 2.8.16,Gimp
GIMP 2.8.18,Gimp
GIMP 2.8.20,Gimp
GIMP 2.8.22,Gimp
GIMP 2.8.6,Gimp
GIMP 2.8.8,Gimp
GnuPlot,GnuPlot
gnuplot 4.6.3,GnuPlot
Google Chrome,Google Chrome
Google Chrome - ANSEP,Google Chrome
Google Chrome Beta,Google Chrome
Google Earth,Google Earth Pro
Google Earth Pro,Google Earth Pro
Google SketchUp 8,SketchUp 2017
gPhotoShow v1.8.0,gPhotoShow
GPS Pathfinder Office,GPS Pathfinder Office
Graphical Analysis,Graphical Analysis
Graphical Analysis 3.8.4,Graphical Analysis
HandBrake 0.10.1,Handbrake
HandBrake 0.10.2,Handbrake
HandBrake 0.10.5,Handbrake
HandBrake 0.9.9.1,Handbrake
HandBrake 1.0.2,Handbrake
HandBrake 1.0.7,Handbrake
HandBrake 1.1.0,Handbrake
HandBrake 1.1.1,Handbrake
HandBrake 1.1.2,Handbrake
HandBrake 1.2.0,Handbrake
HandBrake 1.2.1,Handbrake
Haskell Platform 8.4.3,Haskell Platform
Heavy Bid,Heavy Bid
HeavyBid Standalone,Heavy Bid
HEC-HMS,HEC-HMS 4.2.1
HEC-HMS 3.5,HEC-HMS 4.2.1
HEC-HMS 4.2.1,HEC-HMS 4.2.1
HEC-RAS,HEC-RAS 5.0.5
HEC-RAS 4.1.0,HEC-RAS 5.0.5
HEC-RAS 5.0.3,HEC-RAS 5.0.5
HEC-RAS 5.0.5,HEC-RAS 5.0.5
HEC-RAS 5.0.6,HEC-RAS 5.0.5
HoverCam Flex10_v3.5.123_x32,HoverCam Flex11
HoverCam Flex11,HoverCam Flex11
Hyland OnBase Client,Hyland Unity Client
Hyland OnBase Client [13.0.0.537],Hyland Unity Client
Hyland OnBase Client [13.0.3.699],Hyland Unity Client
Hyland OnBase Client [15.0.2.128],Hyland Unity Client
Hyland Unity Client,Hyland Unity Client
Hyland Unity Client [15.0.2.128],Hyland Unity Client
HyperChem,HyperChem
HyperChem 8.0 Software,HyperChem
IBM SPSS Amos 22,IBM SPSS Amos 25
IBM SPSS Amos 23,IBM SPSS Amos 26
IBM SPSS Amos 24,IBM SPSS Amos 27
IBM SPSS Amos 25,IBM SPSS Amos 28
IBM SPSS Statistics 19,IBM SPSS Statistics 25
IBM SPSS Statistics 20,IBM SPSS Statistics 25
IBM SPSS Statistics 21,IBM SPSS Statistics 25
IBM SPSS Statistics 22,IBM SPSS Statistics 25
IBM SPSS Statistics 23,IBM SPSS Statistics 25
IBM SPSS Statistics 24,IBM SPSS Statistics 25
IBM SPSS Statistics 25,IBM SPSS Statistics 25
ID CS6 v8.1.0.421 x64,Adobe InDesign
IHS Markit GeoSyn 2017,IHS Markit GeoSyn 2018
IHS Markit GeoSyn 2018,IHS Markit GeoSyn 2018
ImageJ,ImageJ
ImageJ 1.45s,ImageJ
ImageJ 1.48v,ImageJ
ImageMagick 7.0.3-7 Q16 (64-bit) (2016-11-15),ImageMagick
ImageMagick 7.0.8-11 Q16 (64-bit) (2018-08-29),ImageMagick
ImageMagick 7.0.8-12 Q16 (64-bit) (2018-09-23),ImageMagick
ImageMagick 7.0.8-15 Q16 (64-bit) (2018-12-02),ImageMagick
InDesign CS6 x64,Adobe InDesign
Inkscape 0.48.4,Inkscape
Inkscape 0.91,Inkscape
Inkscape 0.92.2,Inkscape
Inkscape 0.92.3,Inkscape
Inkscape 0.92.4,Inkscape
Install_SPSS,IBM SPSS Statistics 25
ITSM,ITSM
"Java 2 Runtime Environment, SE v1.4.2",Java 8 Update 202
Java 7 Update 10,Java 8 Update 202
Java 7 Update 17,Java 8 Update 202
Java 7 Update 17 (64-bit),Java 8 Update 202 (64-bit)
Java 7 Update 21,Java 8 Update 202
Java 7 Update 21 (64-bit),Java 8 Update 202 (64-bit)
Java 7 Update 25,Java 8 Update 202
Java 7 Update 25 (64-bit),Java 8 Update 202 (64-bit)
Java 7 Update 45,Java 8 Update 202
Java 7 Update 45 (64-bit),Java 8 Update 202 (64-bit)
Java 7 Update 51,Java 8 Update 202
Java 7 Update 51 (64-bit),Java 8 Update 202 (64-bit)
Java 7 Update 55,Java 8 Update 202
Java 7 Update 55 (64-bit),Java 8 Update 202 (64-bit)
Java 7 Update 60,Java 8 Update 202
Java 7 Update 60 (64-bit),Java 8 Update 202 (64-bit)
Java 7 Update 65,Java 8 Update 202
Java 7 Update 65 (64-bit),Java 8 Update 202 (64-bit)
Java 7 Update 67,Java 8 Update 202
Java 7 Update 67 (64-bit),Java 8 Update 202 (64-bit)
Java 7 Update 7 (64-bit),Java 8 Update 202 (64-bit)
Java 7 Update 71,Java 8 Update 202
Java 7 Update 71 (64-bit),Java 8 Update 202 (64-bit)
Java 7 Update 79,Java 8 Update 202
Java 7 Update 79 (64-bit),Java 8 Update 202 (64-bit)
Java 7 Update 9 (64-bit),Java 8 Update 202 (64-bit)
Java 8 Update 101,Java 8 Update 202
Java 8 Update 101 (64-bit),Java 8 Update 202 (64-bit)
Java 8 Update 102,Java 8 Update 202
Java 8 Update 102 (64-bit),Java 8 Update 202 (64-bit)
Java 8 Update 111,Java 8 Update 202
Java 8 Update 111 (64-bit),Java 8 Update 202 (64-bit)
Java 8 Update 112,Java 8 Update 202
Java 8 Update 112 (64-bit),Java 8 Update 202 (64-bit)
Java 8 Update 121,Java 8 Update 202
Java 8 Update 121 (64-bit),Java 8 Update 202 (64-bit)
Java 8 Update 131,Java 8 Update 202
Java 8 Update 131 (64-bit),Java 8 Update 202 (64-bit)
Java 8 Update 141,Java 8 Update 202
Java 8 Update 141 (64-bit),Java 8 Update 202 (64-bit)
Java 8 Update 144,Java 8 Update 202
Java 8 Update 144 (64-bit),Java 8 Update 202 (64-bit)
Java 8 Update 151,Java 8 Update 202
Java 8 Update 151 (64-bit),Java 8 Update 202 (64-bit)
Java 8 Update 152,Java 8 Update 202
Java 8 Update 152 (64-bit),Java 8 Update 202 (64-bit)
Java 8 Update 161,Java 8 Update 202
Java 8 Update 161 (64-bit),Java 8 Update 202 (64-bit)
Java 8 Update 162,Java 8 Update 202
Java 8 Update 162 (64-bit),Java 8 Update 202 (64-bit)
Java 8 Update 171,Java 8 Update 202
Java 8 Update 171 (64-bit),Java 8 Update 202 (64-bit)
Java 8 Update 172,Java 8 Update 202
Java 8 Update 181,Java 8 Update 202
Java 8 Update 181 (64-bit),Java 8 Update 202 (64-bit)
Java 8 Update 191,Java 8 Update 202
Java 8 Update 191 (64-bit),Java 8 Update 202 (64-bit)
Java 8 Update 192,Java 8 Update 202
Java 8 Update 201,Java 8 Update 202
Java 8 Update 201 (64-bit),Java 8 Update 202 (64-bit)
Java 8 Update 202,Java 8 Update 202
Java 8 Update 25,Java 8 Update 202
Java 8 Update 25 (64-bit),Java 8 Update 202 (64-bit)
Java 8 Update 31,Java 8 Update 202
Java 8 Update 31 (64-bit),Java 8 Update 202 (64-bit)
Java 8 Update 40,Java 8 Update 202
Java 8 Update 40 (64-bit),Java 8 Update 202 (64-bit)
Java 8 Update 45,Java 8 Update 202
Java 8 Update 45 (64-bit),Java 8 Update 202 (64-bit)
Java 8 Update 51,Java 8 Update 202
Java 8 Update 51 (64-bit),Java 8 Update 202 (64-bit)
Java 8 Update 60,Java 8 Update 202
Java 8 Update 60 (64-bit),Java 8 Update 202 (64-bit)
Java 8 Update 65,Java 8 Update 202
Java 8 Update 65 (64-bit),Java 8 Update 202 (64-bit)
Java 8 Update 66,Java 8 Update 202
Java 8 Update 66 (64-bit),Java 8 Update 202 (64-bit)
Java 8 Update 71,Java 8 Update 202
Java 8 Update 71 (64-bit),Java 8 Update 202 (64-bit)
Java 8 Update 73,Java 8 Update 202
Java 8 Update 73 (64-bit),Java 8 Update 202 (64-bit)
Java 8 Update 74,Java 8 Update 202
Java 8 Update 74 (64-bit),Java 8 Update 202 (64-bit)
Java 8 Update 77,Java 8 Update 202
Java 8 Update 77 (64-bit),Java 8 Update 202 (64-bit)
Java 8 Update 91,Java 8 Update 202
Java 8 Update 91 (64-bit),Java 8 Update 202 (64-bit)
Java 8 Update 92,Java 8 Update 202
Java 8 Update 92 (64-bit),Java 8 Update 202 (64-bit)
Java SE Development Kit 7 Update 55,Java 8 Update 202
Java SE Development Kit 7 Update 71,Java 8 Update 202
Java SE Development Kit 8 Update 111,Java 8 Update 202
Java SE Development Kit 8 Update 112,Java 8 Update 202
Java SE Development Kit 8 Update 121,Java 8 Update 202
Java SE Development Kit 8 Update 131,Java 8 Update 202
Java SE Development Kit 8 Update 152,Java 8 Update 202
Java SE Development Kit 8 Update 161,Java 8 Update 202
Java SE Development Kit 8 Update 181,Java 8 Update 202
Java SE Development Kit 8 Update 192,Java 8 Update 202
Java SE Development Kit 8 Update 74,Java 8 Update 202
Java(TM) 6 Update 11,Java 8 Update 202
Java(TM) 6 Update 16,Java 8 Update 202
Java(TM) 6 Update 20,Java 8 Update 202
Java(TM) 6 Update 23,Java 8 Update 202
Java(TM) 6 Update 23 (64-bit),Java 8 Update 202 (64-bit)
Java(TM) 6 Update 24,Java 8 Update 202
Java(TM) 6 Update 24 (64-bit),Java 8 Update 202 (64-bit)
Java(TM) 6 Update 25,Java 8 Update 202
Java(TM) 6 Update 26,Java 8 Update 202
Java(TM) 6 Update 29,Java 8 Update 202
Java(TM) 6 Update 30,Java 8 Update 202
Java(TM) 6 Update 31,Java 8 Update 202
Java(TM) 6 Update 33,Java 8 Update 202
Java(TM) 6 Update 33 (64-bit),Java 8 Update 202 (64-bit)
Java(TM) 6 Update 34,Java 8 Update 202
Java(TM) 6 Update 35,Java 8 Update 202
Java(TM) 6 Update 37,Java 8 Update 202
Java(TM) 6 Update 37 (64-bit),Java 8 Update 202 (64-bit)
Java(TM) 6 Update 45,Java 8 Update 202
Java(TM) 6 Update 45 (64-bit),Java 8 Update 202 (64-bit)
Java(TM) 6 Update 7,Java 8 Update 202
Java(TM) 7 Update 1 (64-bit),Java 8 Update 202 (64-bit)
Java(TM) 7 Update 4,Java 8 Update 202
Java(TM) SE Development Kit 6 Update 25,Java 8 Update 202
JetBrains PyCharm 2018.2.4,JetBrains PyCharm
JetBrains PyCharm Community Edition 2016.3.2,JetBrains PyCharm
JetBrains PyCharm Community Edition 2017.2.3,JetBrains PyCharm
JetBrains PyCharm Community Edition 2017.3,JetBrains PyCharm
JetBrains PyCharm Community Edition 2018.3.1,JetBrains PyCharm
JetBrains PyCharm Community Edition 2018.3.4,JetBrains PyCharm
JMP Pro 11,JMP Pro 13.1.0 64bit
JMP Pro 12,JMP Pro 13.1.0 64bit
JMP Pro 13,JMP Pro 13.1.0 64bit
JMP Pro 13.1.0 64bit,JMP Pro 13.1.0 64bit
KeePass Password Safe 1.16,KeePass
KeePass Password Safe 1.25,KeePass
KeePass Password Safe 1.26,KeePass
KeePass Password Safe 1.27,KeePass
KeePass Password Safe 1.31,KeePass
KeePass Password Safe 1.32,KeePass
KeePass Password Safe 1.35,KeePass
KeePass Password Safe 2.27,KeePass
KeePass Password Safe 2.28,KeePass
KeePass Password Safe 2.29,KeePass
KeePass Password Safe 2.34,KeePass
KeePass Password Safe 2.35,KeePass
KeePass Password Safe 2.37,KeePass
KeePass Password Safe 2.40,KeePass
KeePass Password Safe 2.41,KeePass
KeePassXC,KeePass
Kml Builder,Kml Builder
KnoteSter Suite,KnoteSter Suite
LabStats,LabStats MSI Wrapper
LabStats 5.1.20326.69,LabStats MSI Wrapper
LabStats 5.2.30708.133,LabStats MSI Wrapper
LabStats 5.2.30708.155,LabStats MSI Wrapper
LabStats 5.2.50101.167,LabStats MSI Wrapper
LabStats MSI Wrapper,LabStats MSI Wrapper
LabStatsGo,LabStats MSI Wrapper
Leica Geo Office 8.3,Leica GeoOffice
LGO Americas,Leica GeoOffice v4
LibreOffice 6.0.4.2,Office 2019 Installer x64
LibreOffice 6.1.0.3,Office 2019 Installer x64
LibreOffice 6.2.0.3,Office 2019 Installer x64
Lidar Analyst,Overwatch LIDAR Analyst v5.2.0.7 for ArcGIS
Logger Pro 3.11,Logger Pro
Logger Pro 3.15,Logger Pro
Logger Pro 3.8.7,Logger Pro
Logger Pro 3.9,Logger Pro
LoggerPro,Logger Pro
LT Spice,LT Spice
LTspice IV,LT Spice
Lua for Windows 5.1.5-51,Lua
Lumion 7.0.1,Lumion 7.5
Lumion 7.5,Lumion 7.5
Maple 16,Maple 2017
Maple 2017,Maple 2017
Maple 2017  (2),Maple 2017
Maple 2018,Maple 2017
MapScenes Forensic CAD 2013,MicroSurvey MapScenes
MARS 8,Mars MIPS Simulator
MARS Explorer,MARS Explorer
Mars MIPS Simulator,MARS Explorer
MathCAD,Mathcad 15 M020
Mathcad 14,Mathcad 15 M020
Mathcad 15 M020,Mathcad 15 M020
Mathcad 15 M030,Mathcad 15 M020
Mathcad Prime,PTC Mathcad Prime 4.0
Mathcad Prime 2.0,PTC Mathcad Prime 4.0
Mathtype,Mathtype 7
Matlab 2016a,Matlab 2018b Classroom
MATLAB R2011a,Matlab 2018b Classroom
MATLAB R2012a,Matlab 2018b Classroom
MATLAB R2013a,Matlab 2018b Classroom
MATLAB R2014b,Matlab 2018b Classroom
MATLAB R2015a,Matlab 2018b Classroom
MATLAB R2016a,Matlab 2018b Classroom
MATLAB R2016b,Matlab 2018b Classroom
MATLAB R2017a,Matlab 2018b Classroom
MATLAB R2017b,Matlab 2018b Classroom
MATLAB R2018a,Matlab 2018b Classroom
MATLAB R2018b,Matlab 2018b Classroom
Matrix,Matrix
Mendeley Desktop 1.15.1,Mendeley Desktop
Mendeley Desktop 1.16.1,Mendeley Desktop
Mendeley Desktop 1.16.3,Mendeley Desktop
Mendeley Desktop 1.17.10,Mendeley Desktop
Mendeley Desktop 1.17.11,Mendeley Desktop
Mendeley Desktop 1.17.12,Mendeley Desktop
Mendeley Desktop 1.17.13,Mendeley Desktop
Mendeley Desktop 1.17.2,Mendeley Desktop
Mendeley Desktop 1.17.6,Mendeley Desktop
Mendeley Desktop 1.17.9,Mendeley Desktop
Mendeley Desktop 1.18,Mendeley Desktop
Mendeley Desktop 1.19.2,Mendeley Desktop
Mendeley Desktop 1.19.3,Mendeley Desktop
MeshLab_64b 1.3.3,MeshLab
MeshLab_64b 1.3.4BETA,MeshLab
MeshLab_64b 2016,MeshLab
Meshmixer,Meshmixer
MestReNova Lite SE 10.1,MestReNova Lite SE 10.1
MicroLab,MicroLab 6.2.18
MicroLab 5.4.9,MicroLab 6.2.18
MicroLab 5.6.9,MicroLab 6.2.18
MicroLab 528-8.5.12,MicroLab 528
MicroLab 6.2.18,MicroLab 6.2.18
MicroLab 6.2.4,MicroLab 6.2.18
Microlab Shortcuts,Microlab Shortcuts
Microsoft Office,Office 2019 Installer x64
Microsoft Office 365 - en-us,Office 2019 Installer x64
Microsoft Office 365 ProPlus - en-us,Office 2019 Installer x64
Microsoft Office Enterprise 2007,Office 2019 Installer x64
Microsoft Office Professional 2010,Office 2019 Installer x64
Microsoft Office Professional Plus 2010,Office 2019 Installer x64
Microsoft Office Professional Plus 2013,Office 2019 Installer x64
Microsoft Office Professional Plus 2016,Office 2019 Installer x64
Microsoft Office Professional Plus 2019 - en-us,Office 2019 Installer x64
Microsoft Office Standard 2013,Office 2019 Installer x64
Microsoft Power BI Desktop (August 2018) (x64),Power BI Desktop
Microsoft Power BI Desktop (January 2019) (x64),Power BI Desktop
Microsoft Power BI Desktop (June 2017) (x64),Power BI Desktop
Microsoft Power BI Desktop (October 2017) (x64),Power BI Desktop
Microsoft Power BI Desktop (x64),Power BI Desktop
Microsoft SQL Server 2008 Management Studio,Microsoft SQL Mangement Studio
Microsoft SQL Server Management Studio - 16.3,Microsoft SQL Mangement Studio
Microsoft SQL Server Management Studio - 16.5.3,Microsoft SQL Mangement Studio
Microsoft SQL Server Management Studio - 17.0,Microsoft SQL Mangement Studio
Microsoft SQL Server Management Studio - 17.3,Microsoft SQL Mangement Studio
Microsoft SQL Server Management Studio - 17.4,Microsoft SQL Mangement Studio
Microsoft SQL Server Management Studio - 17.5,Microsoft SQL Mangement Studio
Microsoft SQL Server Management Studio - 17.6,Microsoft SQL Mangement Studio
Microsoft SQL Server Management Studio - 17.7,Microsoft SQL Mangement Studio
Microsoft SQL Server Management Studio - 17.8.1,Microsoft SQL Mangement Studio
Microsoft SQL Server Management Studio - 17.9,Microsoft SQL Mangement Studio
Microsoft SQL Server Management Studio - 17.9.1,Microsoft SQL Mangement Studio
Microsoft SQL Server Management Studio - 18.0 Preview 4,Microsoft SQL Mangement Studio
Microsoft SQL Server Management Studio - April 2016,Microsoft SQL Mangement Studio
Microsoft SQL Server Management Studio - August 2016,Microsoft SQL Mangement Studio
Microsoft SQL Server Management Studio - July 2016,Microsoft SQL Mangement Studio
Microsoft Visual Studio 2008 Professional Edition - ENU,Visual Studio Community 2017 Web
Microsoft Visual Studio 2008 Professional Edition - ENU Service Pack 1 (KB945140),Visual Studio Community 2017 Web
Microsoft Visual Studio 2010 Professional - ENU,Visual Studio Community 2017 Web
Microsoft Visual Studio 2010 Service Pack 1,Visual Studio Community 2017 Web
Microsoft Visual Studio 2017,Visual Studio Community 2017 Web
Microsoft Visual Studio Community 2015,Visual Studio Community 2017 Web
Microsoft Visual Studio Community 2015 - ENU,Visual Studio Community 2017 Web
Microsoft Visual Studio Enterprise 2015,Visual Studio Community 2017 Web
Microsoft Visual Studio Enterprise 2015 - ENU,Visual Studio Community 2017 Web
Microsoft Visual Studio Enterprise 2015 with Update 2,Visual Studio Community 2017 Web
Microsoft Visual Studio Enterprise 2015 with Updates,Visual Studio Community 2017 Web
Microsoft Visual Studio Installer,Visual Studio Community 2017 Web
Microsoft Visual Studio Premium 2012,Visual Studio Community 2017 Web
Microsoft Visual Studio Premium 2012 - ENU,Visual Studio Community 2017 Web
Microsoft Visual Studio Premium 2013,Visual Studio Community 2017 Web
Microsoft Visual Studio Premium 2013 - ENU,Visual Studio Community 2017 Web
Microsoft Visual Studio Premium 2015,Visual Studio Community 2017 Web
Microsoft Visual Studio Premium 2015 - ENU,Visual Studio Community 2017 Web
Microsoft Visual Studio Professional 2012,Visual Studio Community 2017 Web
Microsoft Visual Studio Professional 2012 - ENU,Visual Studio Community 2017 Web
Microsoft Visual Studio Professional 2013,Visual Studio Community 2017 Web
Microsoft Visual Studio Professional 2013 - ENU,Visual Studio Community 2017 Web
Microsoft Visual Studio Professional 2015,Visual Studio Community 2017 Web
Microsoft Visual Studio Professional 2015 - ENU,Visual Studio Community 2017 Web
Microsoft Visual Studio Professional 2015 with Updates,Visual Studio Community 2017 Web
Microsoft Visual Studio Ultimate 2012,Visual Studio Community 2017 Web
Microsoft Visual Studio Ultimate 2012 - ENU,Visual Studio Community 2017 Web
Microsoft Visual Studio Ultimate 2013,Visual Studio Community 2017 Web
MicroSurvey CAD 2014,Microsurvey CAD Premium 2014
Microsurvey CAD Premium 2014,Microsurvey CAD Premium 2014
MicroSurvey MapScenes,MicroSurvey MapScenes
MicroSurvey STAR*NET 7,MicroSurvey StarNet
MicroSurvey StarNet,MicroSurvey StarNet
Minitab 17,Minitab 18 GP
Minitab 18,Minitab 18 GP
Minitab 18 GP,Minitab 18 GP
Minitab17,Minitab 18 GP
MobaXterm,MobaXterm
ModelSmart 3D,ModelSmart 3D
ModelSmart3D,ModelSmart 3D
Mozilla Firefox (1.5),Mozilla Firefox
Mozilla Firefox (2.0.0.11),Mozilla Firefox
Mozilla Firefox (3.6.13),Mozilla Firefox
Mozilla Firefox (3.6.15),Mozilla Firefox
Mozilla Firefox (3.6.18),Mozilla Firefox
Mozilla Firefox (3.6.3),Mozilla Firefox
Mozilla Firefox 10.0.2 (x86 en-US),Mozilla Firefox
Mozilla Firefox 11.0 (x86 en-US),Mozilla Firefox
Mozilla Firefox 12.0 (x86 en-US),Mozilla Firefox
Mozilla Firefox 13.0.1 (x86 en-US),Mozilla Firefox
Mozilla Firefox 15.0.1 (x86 en-US),Mozilla Firefox
Mozilla Firefox 17.0 (x86 en-US),Mozilla Firefox
Mozilla Firefox 18.0 (x86 en-US),Mozilla Firefox
Mozilla Firefox 19.0.2 (x86 en-US),Mozilla Firefox
Mozilla Firefox 20.0.1 (x86 en-US),Mozilla Firefox
Mozilla Firefox 21.0 (x86 en-US),Mozilla Firefox
Mozilla Firefox 22.0 (x86 en-US),Mozilla Firefox
Mozilla Firefox 23.0 (x86 en-US),Mozilla Firefox
Mozilla Firefox 23.0.1 (x86 en-US),Mozilla Firefox
Mozilla Firefox 24.0 (x86 en-US),Mozilla Firefox
Mozilla Firefox 24.1.1 (x86 en-US),Mozilla Firefox
Mozilla Firefox 26.0 (x86 en-US),Mozilla Firefox
Mozilla Firefox 27.0 (x86 en-US),Mozilla Firefox
Mozilla Firefox 27.0.1 (x86 en-US),Mozilla Firefox
Mozilla Firefox 28.0 (x86 en-US),Mozilla Firefox
Mozilla Firefox 29.0.1 (x86 en-US),Mozilla Firefox
Mozilla Firefox 30.0 (x86 en-US),Mozilla Firefox
Mozilla Firefox 31.0 (x86 en-US),Mozilla Firefox
Mozilla Firefox 31.5.0 ESR (x86 en-US),Mozilla Firefox ESR
Mozilla Firefox 31.6.0 ESR (x86 en-US),Mozilla Firefox ESR
Mozilla Firefox 32.0 (x86 en-US),Mozilla Firefox
Mozilla Firefox 32.0.1 (x86 en-US),Mozilla Firefox
Mozilla Firefox 32.0.3 (x86 en-US),Mozilla Firefox
Mozilla Firefox 33.0.2 (x86 en-US),Mozilla Firefox
Mozilla Firefox 33.1 (x86 en-US),Mozilla Firefox
Mozilla Firefox 34.0.5 (x86 en-US),Mozilla Firefox
Mozilla Firefox 35.0 (x86 en-US),Mozilla Firefox
Mozilla Firefox 35.0.1 (x86 en-US),Mozilla Firefox
Mozilla Firefox 36.0.1 (x86 en-US),Mozilla Firefox
Mozilla Firefox 37.0.1 (x86 en-US),Mozilla Firefox
Mozilla Firefox 37.0.2 (x86 en-US),Mozilla Firefox
Mozilla Firefox 38.0 (x86 en-US),Mozilla Firefox
Mozilla Firefox 38.0.1 ESR (x86 en-US),Mozilla Firefox ESR
Mozilla Firefox 38.0.5 (x86 en-US),Mozilla Firefox
Mozilla Firefox 38.2.1 ESR (x86 en-US),Mozilla Firefox ESR
Mozilla Firefox 38.5.1 ESR (x86 en-US),Mozilla Firefox ESR
Mozilla Firefox 38.5.2 ESR (x86 en-US),Mozilla Firefox ESR
Mozilla Firefox 38.6.0 ESR (x86 en-US),Mozilla Firefox ESR
Mozilla Firefox 38.6.1 ESR (x86 en-US),Mozilla Firefox ESR
Mozilla Firefox 39.0 (x86 en-US),Mozilla Firefox
Mozilla Firefox 39.0.3 (x86 en-US),Mozilla Firefox
Mozilla Firefox 40.0.2 (x86 en-US),Mozilla Firefox
Mozilla Firefox 40.0.3 (x86 en-US),Mozilla Firefox
Mozilla Firefox 41.0 (x86 en-US),Mozilla Firefox
Mozilla Firefox 41.0.1 (x86 en-US),Mozilla Firefox
Mozilla Firefox 41.0.2 (x86 en-US),Mozilla Firefox
Mozilla Firefox 42.0 (x86 en-US),Mozilla Firefox
Mozilla Firefox 43.0.1 (x86 en-US),Mozilla Firefox
Mozilla Firefox 43.0.3 (x86 en-US),Mozilla Firefox
Mozilla Firefox 43.0.4 (x86 en-US),Mozilla Firefox
Mozilla Firefox 44.0 (x64 en-US),Mozilla Firefox
Mozilla Firefox 44.0 (x86 en-US),Mozilla Firefox
Mozilla Firefox 44.0.2 (x64 en-US),Mozilla Firefox
Mozilla Firefox 44.0.2 (x86 en-US),Mozilla Firefox
Mozilla Firefox 45.0 (x86 en-US),Mozilla Firefox
Mozilla Firefox 45.0.1 (x64 en-US),Mozilla Firefox
Mozilla Firefox 45.0.1 (x86 en-US),Mozilla Firefox
Mozilla Firefox 45.0.2 (x86 en-US),Mozilla Firefox
Mozilla Firefox 45.2.0 ESR (x86 en-US),Mozilla Firefox ESR
Mozilla Firefox 45.3.0 ESR (x86 en-US),Mozilla Firefox ESR
Mozilla Firefox 45.4.0 ESR (x86 en-US),Mozilla Firefox ESR
Mozilla Firefox 45.5.1 ESR (x86 en-US),Mozilla Firefox ESR
Mozilla Firefox 45.6.0 ESR (x86 en-US),Mozilla Firefox ESR
Mozilla Firefox 45.7.0 ESR (x86 en-US),Mozilla Firefox ESR
Mozilla Firefox 45.9.0 ESR (x64 en-US),Mozilla Firefox ESR
Mozilla Firefox 45.9.0 ESR (x86 en-US),Mozilla Firefox ESR
Mozilla Firefox 46.0.1 (x86 en-US),Mozilla Firefox
Mozilla Firefox 47.0 (x64 en-US),Mozilla Firefox
Mozilla Firefox 47.0 (x86 en-US),Mozilla Firefox
Mozilla Firefox 47.0.1 (x86 en-US),Mozilla Firefox
Mozilla Firefox 47.0.2 (x64 en-US),Mozilla Firefox
Mozilla Firefox 47.0.2 (x86 en-US),Mozilla Firefox
Mozilla Firefox 48.0 (x64 en-US),Mozilla Firefox
Mozilla Firefox 48.0 (x86 en-US),Mozilla Firefox
Mozilla Firefox 48.0.2 (x86 en-US),Mozilla Firefox
Mozilla Firefox 49.0 (x64 en-US),Mozilla Firefox
Mozilla Firefox 49.0.1 (x64 en-US),Mozilla Firefox
Mozilla Firefox 49.0.1 (x86 en-US),Mozilla Firefox
Mozilla Firefox 49.0.2 (x86 en-US),Mozilla Firefox
Mozilla Firefox 5.0 (x86 en-US),Mozilla Firefox
Mozilla Firefox 50.0 (x64 en-US),Mozilla Firefox
Mozilla Firefox 50.0 (x86 en-US),Mozilla Firefox
Mozilla Firefox 50.0.2 (x64 en-US),Mozilla Firefox
Mozilla Firefox 50.0.2 (x86 en-US),Mozilla Firefox
Mozilla Firefox 50.1.0 (x64 en-US),Mozilla Firefox
Mozilla Firefox 50.1.0 (x86 en-US),Mozilla Firefox
Mozilla Firefox 51.0 (x86 en-US),Mozilla Firefox
Mozilla Firefox 51.0.1 (x64 en-US),Mozilla Firefox
Mozilla Firefox 51.0.1 (x86 en-US),Mozilla Firefox
Mozilla Firefox 52.0 (x64 en-US),Mozilla Firefox
Mozilla Firefox 52.0 (x86 en-US),Mozilla Firefox
Mozilla Firefox 52.0.1 (x86 en-US),Mozilla Firefox
Mozilla Firefox 52.0.1 ESR (x64 en-US),Mozilla Firefox ESR
Mozilla Firefox 52.0.2 (x86 en-US),Mozilla Firefox
Mozilla Firefox 52.0.2 ESR (x64 en-US),Mozilla Firefox ESR
Mozilla Firefox 52.2.1 ESR (x86 en-US),Mozilla Firefox ESR
Mozilla Firefox 52.3.0 ESR (x64 en-US),Mozilla Firefox ESR
Mozilla Firefox 52.3.0 ESR (x86 en-US),Mozilla Firefox ESR
Mozilla Firefox 52.4.0 ESR (x86 en-US),Mozilla Firefox ESR
Mozilla Firefox 52.5.0 ESR (x64 en-US),Mozilla Firefox ESR
Mozilla Firefox 52.6.0 ESR (x64 en-US),Mozilla Firefox ESR
Mozilla Firefox 52.6.0 ESR (x86 en-US),Mozilla Firefox ESR
Mozilla Firefox 52.7.2 ESR (x64 en-US),Mozilla Firefox ESR
Mozilla Firefox 52.7.3 ESR (x64 en-US),Mozilla Firefox ESR
Mozilla Firefox 52.8.0 ESR (x64 en-US),Mozilla Firefox ESR
Mozilla Firefox 52.8.0 ESR (x86 en-US),Mozilla Firefox ESR
Mozilla Firefox 52.8.1 ESR (x86 en-US),Mozilla Firefox ESR
Mozilla Firefox 52.9.0 ESR (x64 en-US),Mozilla Firefox ESR
Mozilla Firefox 52.9.0 ESR (x86 en-US),Mozilla Firefox ESR
Mozilla Firefox 53.0 (x64 en-US),Mozilla Firefox
Mozilla Firefox 53.0 (x86 en-US),Mozilla Firefox
Mozilla Firefox 53.0.2 (x86 en-US),Mozilla Firefox
Mozilla Firefox 53.0.3 (x64 en-US),Mozilla Firefox
Mozilla Firefox 53.0.3 (x86 en-US),Mozilla Firefox
Mozilla Firefox 54.0 (x64 en-US),Mozilla Firefox
Mozilla Firefox 54.0.1 (x64 en-US),Mozilla Firefox
Mozilla Firefox 54.0.1 (x86 en-US),Mozilla Firefox
Mozilla Firefox 55.0.1 (x86 en-US),Mozilla Firefox
Mozilla Firefox 55.0.2 (x86 en-US),Mozilla Firefox
Mozilla Firefox 55.0.3 (x64 en-US),Mozilla Firefox
Mozilla Firefox 55.0.3 (x86 en-US),Mozilla Firefox
Mozilla Firefox 56.0 (x64 en-US),Mozilla Firefox
Mozilla Firefox 56.0 (x86 en-US),Mozilla Firefox
Mozilla Firefox 56.0.1 (x64 en-US),Mozilla Firefox
Mozilla Firefox 56.0.1 (x86 en-US),Mozilla Firefox
Mozilla Firefox 56.0.2 (x64 en-US),Mozilla Firefox
Mozilla Firefox 56.0.2 (x86 en-US),Mozilla Firefox
Mozilla Firefox 57.0 (x64 en-US),Mozilla Firefox
Mozilla Firefox 57.0.1 (x64 en-US),Mozilla Firefox
Mozilla Firefox 57.0.2 (x64 en-US),Mozilla Firefox
Mozilla Firefox 57.0.3 (x64 en-US),Mozilla Firefox
Mozilla Firefox 57.0.4 (x64 en-US),Mozilla Firefox
Mozilla Firefox 58.0 (x64 en-US),Mozilla Firefox
Mozilla Firefox 58.0.1 (x64 en-US),Mozilla Firefox
Mozilla Firefox 58.0.1 (x86 zh-CN),Mozilla Firefox
Mozilla Firefox 58.0.2 (x64 en-US),Mozilla Firefox
Mozilla Firefox 59.0.1 (x64 en-US),Mozilla Firefox
Mozilla Firefox 59.0.2 (x64 en-US),Mozilla Firefox
Mozilla Firefox 59.0.2 (x86 en-US),Mozilla Firefox
Mozilla Firefox 59.0.3 (x64 en-US),Mozilla Firefox
Mozilla Firefox 6.0.2 (x86 en-US),Mozilla Firefox
Mozilla Firefox 60.0 (x64 en-US),Mozilla Firefox
Mozilla Firefox 60.0.1 (x64 en-US),Mozilla Firefox
Mozilla Firefox 60.0.2 (x64 en-US),Mozilla Firefox
Mozilla Firefox 60.0.2 (x86 en-US),Mozilla Firefox
Mozilla Firefox 60.2.1 ESR (x86 en-US),Mozilla Firefox ESR
Mozilla Firefox 60.2.2 ESR (x64 en-US),Mozilla Firefox ESR
Mozilla Firefox 60.3.0 ESR (x64 en-US),Mozilla Firefox ESR
Mozilla Firefox 60.3.0 ESR (x86 en-US),Mozilla Firefox ESR
Mozilla Firefox 60.4.0 ESR (x64 en-US),Mozilla Firefox ESR
Mozilla Firefox 60.4.0 ESR (x86 en-US),Mozilla Firefox ESR
Mozilla Firefox 60.5.0 ESR (x64 en-US),Mozilla Firefox ESR
Mozilla Firefox 60.5.0 ESR (x86 en-US),Mozilla Firefox ESR
Mozilla Firefox 60.5.1 ESR (x64 en-US),Mozilla Firefox ESR
Mozilla Firefox 60.5.1 ESR (x86 en-US),Mozilla Firefox ESR
Mozilla Firefox 60.5.2 ESR (x64 en-US),Mozilla Firefox ESR
Mozilla Firefox 60.5.2 ESR (x86 en-US),Mozilla Firefox ESR
Mozilla Firefox 61.0 (x64 en-US),Mozilla Firefox
Mozilla Firefox 61.0.1 (x64 en-US),Mozilla Firefox
Mozilla Firefox 61.0.1 (x64 zh-CN),Mozilla Firefox
Mozilla Firefox 61.0.2 (x64 en-US),Mozilla Firefox
Mozilla Firefox 62.0 (x64 en-US),Mozilla Firefox
Mozilla Firefox 62.0.2 (x64 en-US),Mozilla Firefox
Mozilla Firefox 62.0.3 (x64 en-US),Mozilla Firefox
Mozilla Firefox 63.0 (x64 en-US),Mozilla Firefox
Mozilla Firefox 63.0.1 (x64 en-US),Mozilla Firefox
Mozilla Firefox 63.0.1 (x86 en-US),Mozilla Firefox
Mozilla Firefox 63.0.3 (x64 en-US),Mozilla Firefox
Mozilla Firefox 64.0 (x64 en-US),Mozilla Firefox
Mozilla Firefox 64.0 (x86 en-US),Mozilla Firefox
Mozilla Firefox 64.0.2 (x64 en-US),Mozilla Firefox
Mozilla Firefox 64.0.2 (x64 zh-CN),Mozilla Firefox
Mozilla Firefox 65.0 (x64 en-US),Mozilla Firefox
Mozilla Firefox 65.0 (x86 en-US),Mozilla Firefox
Mozilla Firefox 65.0.1 (x64 en-US),Mozilla Firefox
Mozilla Firefox 65.0.1 (x86 en-US),Mozilla Firefox
Mozilla Firefox 66.0 (x64 en-US),Mozilla Firefox
Mozilla Firefox 7.0.1 (x86 en-US),Mozilla Firefox
Mozilla Firefox 8.0 (x86 en-US),Mozilla Firefox
Mozilla Firefox 8.0.1 (x86 en-US),Mozilla Firefox
Mozilla Thunderbird (3.1.3),Mozilla Thunderbird
Mozilla Thunderbird (8.0),Mozilla Thunderbird
Mozilla Thunderbird 10.0.2 (x86 en-US),Mozilla Thunderbird
Mozilla Thunderbird 17.0.8 (x86 en-US),Mozilla Thunderbird
Mozilla Thunderbird 31.5.0 (x86 en-US),Mozilla Thunderbird
Mozilla Thunderbird 45.5.1 (x86 en-US),Mozilla Thunderbird
Mozilla Thunderbird 52.0.1 (x86 en-US),Mozilla Thunderbird
Mozilla Thunderbird 52.4.0 (x86 en-US),Mozilla Thunderbird
Mozilla Thunderbird 52.9.1 (x86 en-US),Mozilla Thunderbird
Mozilla Thunderbird 60.0 (x86 en-US),Mozilla Thunderbird
Mozilla Thunderbird 60.3.0 (x86 en-US),Mozilla Thunderbird
Mozilla Thunderbird 60.5.0 (x86 en-US),Mozilla Thunderbird
Mozilla Thunderbird 60.5.1 (x86 en-US),Mozilla Thunderbird
MyITLab,MyITLab2013
MyItLab Office 2013 Launch Tool,MyITLab2013
myitlab Plug-in/ActiveX Installer,MyITLab2013
MyITLab2013,MyITLab2013
nanoCAD 5.0,nanoCAD x64 Pro 8.5
nanoCAD x64 Pro 8.5,nanoCAD x64 Pro 8.5
NetBeans IDE 8.0.2,Netbeans
NetBeans IDE 8.2,Netbeans
NetLogo 5.1.0,NetLogo 6.0.4
NetLogo 5.2.0,NetLogo 6.0.4
NetLogo 5.2.1,NetLogo 6.0.4
NetLogo 5.3.1,NetLogo 6.0.4
NetLogo 6.0.1,NetLogo 6.0.4
NetLogo 6.0.2,NetLogo 6.0.4
NetLogo 6.0.4,NetLogo 6.0.4
Nmap 5.61-Spiceworks,Nmap
Nmap 6.46,Nmap
Nmap 6.47,Nmap
Nmap 6.49BETA5,Nmap
Nmap 7.00,Nmap
Nmap 7.10,Nmap
Nmap 7.30,Nmap
Nmap 7.40,Nmap
Nmap 7.60,Nmap
Nmap 7.70,Nmap
Notepad++,Notepad++
Notepad++ (32-bit x86),Notepad++
Notepad++ (64-bit x64),Notepad++
Notepad++ (VMware ThinApp),Notepad++
NUTS,NUTS
NUTS (Rev.050712) for the Eft NMR Spectrometer,NUTS
NUTS (Rev.060106) for the Eft NMR Spectrometer,NUTS
Nvidia Cuda Toolkit,Cuda Toolkit
NVIDIA CUDA Toolkit 6.5,Cuda Toolkit
NVIDIA CUDA Toolkit 7.0,Cuda Toolkit
NVIDIA CUDA Toolkit 7.5,Cuda Toolkit
Octave,Octave
Octave 4.0.2,Octave
Octave 4.2.1,Octave
Octave 4.4.1,Octave
Old App,New App
OpendTect,OpendTect
OpendTect 6.0,OpendTect
OpendTect 6.4,OpendTect
OpenOffice 4.1.1,Office 2019 Installer x64
OpenOffice 4.1.4,Office 2019 Installer x64
OpenOffice 4.1.5,Office 2019 Installer x64
OpenOffice.org 3.4.1,Office 2019 Installer x64
Opera 12.01,Opera Browser
Opera 12.16,Opera Browser
Opera 12.17,Opera Browser
Opera Stable 56.0.3051.104,Opera Browser
Opera Stable 56.0.3051.116,Opera Browser
Opera Stable 57.0.3098.116,Opera Browser
Opera Stable 58.0.3135.65,Opera Browser
Opera Stable 58.0.3135.68,Opera Browser
Oracle VM VirtualBox 4.2.16,Virtual Box
Oracle VM VirtualBox 4.3.12,Virtual Box
Oracle VM VirtualBox 4.3.20,Virtual Box
Oracle VM VirtualBox 4.3.26,Virtual Box
Oracle VM VirtualBox 5.0.12,Virtual Box
Oracle VM VirtualBox 5.1.12,Virtual Box
Oracle VM VirtualBox 5.1.14,Virtual Box
Oracle VM VirtualBox 5.1.2,Virtual Box
Oracle VM VirtualBox 5.1.22,Virtual Box
Oracle VM VirtualBox 5.1.6,Virtual Box
Oracle VM VirtualBox 5.2.10,Virtual Box
Oracle VM VirtualBox 5.2.12,Virtual Box
Oracle VM VirtualBox 5.2.16,Virtual Box
Oracle VM VirtualBox 5.2.22,Virtual Box
Oracle VM VirtualBox 5.2.8,Virtual Box
Oracle VM VirtualBox 6.0.2,Virtual Box
Oracle VM VirtualBox 6.0.4,Virtual Box
Orcad,OrCAD pSpice
Overwatch,Overwatch LIDAR Analyst v5.2.0.7 for ArcGIS
Overwatch LIDAR Analyst v5.2.0.4 for ArcGIS,Overwatch LIDAR Analyst v5.2.0.7 for ArcGIS
Overwatch LIDAR Analyst v5.2.0.7 for ArcGIS,Overwatch LIDAR Analyst v5.2.0.7 for ArcGIS
paint.net,paint.net
Paint.NET v3.5.10,paint.net
Paint.NET v3.5.8,paint.net
Panopto (64-bit),Panopto Remote Recorder (64 bit)
Panopto Remote Recorder (64 bit),Panopto Remote Recorder (64 bit)
Paradigm 17 Applications,Paradigm
PASCO Capstone,PASCO Capstone
Perform 3d,Perform 3d
PERFORM-3D,Perform 3d
PERFORM-3D 5,Perform 3d
PerkinElmer ChemDraw Professional 16.0,PerkinElmer ChemDraw Professional 17.1
PerkinElmer ChemDraw Professional 17.1,PerkinElmer ChemDraw Professional 17.1
Petrel 2017 (64-bit),Petrel
Petrel 2018 (64-bit),Petrel
Phreeqc Interactive 3.4.0-12927,Phreeqc Interactive 3.4.0-12927
PicoScope 6,Picoscope
Planswft,Planswft
PlanSwift Professional 10.1,Planswift
PointScape,PointScape
PowerLog 4.3.1,Powerlog
Powerlog 9.6 (64 bit),Powerlog
PowerLog 9.6.0 Standalone (64-bit),Powerlog
PowerLog 9.7.2 Standalone (64-bit),Powerlog
Premier Literacy Suite,Literacy Productivity Pack
Premier Literacy Suite 32 Bit,Literacy Productivity Pack
Premier Literacy Suite 64 Bit,Literacy Productivity Pack
Premier Tools,Literacy Productivity Pack
Premiere Pro,Adobe Premiere Pro
Primavera P6,Primavera P6
Primavera P6 Professional (x64),Primavera P6
PS CS6 v13.0.1.1 U,Adobe Photoshop
PS CS6 v13.0.1.1 x64,Adobe Photoshop
PS CS6 v13.0.1.3 U,Adobe Photoshop
PS CS6 v13.0.1.3 x64,Adobe Photoshop
PSpice,OrCAD pSpice
PTC Mathcad Prime 3.0,PTC Mathcad Prime 4.0
PTC Mathcad Prime 3.1,PTC Mathcad Prime 4.0
PTC Mathcad Prime 4.0,PTC Mathcad Prime 4.0
PTC Mathcad Prime 5.0.0.0,PTC Mathcad Prime 4.0
PTV Vissim 7,VISSIM
PTV Vistro 3,VISSIM
PTV Visum 14,VISSIM
PuTTY,PuTTY
PuTTY release 0.64,PuTTY
PuTTY release 0.65,PuTTY
PuTTY release 0.66,PuTTY
PuTTY release 0.67,PuTTY
PuTTY release 0.68,PuTTY
PuTTY release 0.68 (64-bit),PuTTY
PuTTY release 0.69 (64-bit),PuTTY
PuTTY release 0.70,PuTTY
PuTTY release 0.70 (64-bit),PuTTY
PuTTY version 0.62,PuTTY
PuTTY version 0.63,PuTTY
PyScripter 2.6.0,PyScripter
PyScripter 3.4.1,PyScripter
Python,Python 2.7.1 (64-bit)
Python 2.7 (64-bit),Python 2.7.1 (64-bit)
Python 2.7.11,Python 2.7.1 (64-bit)
Python 2.7.12,Python 2.7.1 (64-bit)
Python 2.7.12 (64-bit),Python 2.7.1 (64-bit)
Python 2.7.13,Python 2.7.1 (64-bit)
Python 2.7.13rc1,Python 2.7.1 (64-bit)
Python 2.7.14,Python 2.7.1 (64-bit)
Python 2.7.14 (64-bit),Python 2.7.1 (64-bit)
Python 2.7.15 (64-bit),Python 2.7.1 (64-bit)
Python 2.7.3,Python 2.7.1 (64-bit)
Python 2.7.3 (64-bit),Python 2.7.1 (64-bit)
Python 2.7.5,Python 2.7.1 (64-bit)
Python 2.7.8,Python 2.7.1 (64-bit)
Python 2.7.8 (64-bit),Python 2.7.1 (64-bit)
Python 3.2.2,Python 2.7.1 (64-bit)
Python 3.4.0 (64-bit),Python 2.7.1 (64-bit)
Python 3.4.2,Python 2.7.1 (64-bit)
Python for Windows,Python for Windows
R for Windows 3.1.1,R Statistics
R for Windows 3.1.2,R Statistics
R for Windows 3.2.0,R Statistics
R for Windows 3.2.2,R Statistics
R for Windows 3.2.3,R Statistics
R for Windows 3.2.4 Revised,R Statistics
R for Windows 3.3.0,R Statistics
R for Windows 3.3.1,R Statistics
R for Windows 3.3.2,R Statistics
R for Windows 3.3.3,R Statistics
R for Windows 3.4.0,R Statistics
R for Windows 3.4.1,R Statistics
R for Windows 3.4.2,R Statistics
R for Windows 3.4.3,R Statistics
R for Windows 3.4.4,R Statistics
R for Windows 3.5.0,R Statistics
R for Windows 3.5.1,R Statistics
R for Windows 3.5.2,R Statistics
Revit 2013,Revit 2019
Revit 2015,Revit 2019
Revit 2017,Revit 2019
Revit 2018,Revit 2019
Revit 2019,Revit 2019
RISA,RISA 3D
Risa 3D,RISA 3D
RISA-3D 15.0,RISA 3D
RISA-3D 16.0,RISA 3D
RokDoc 6.4.3.169,RokDoc 6.5.2.224
RokDoc 6.5.2.224,RokDoc 6.5.2.224
RStudio,R-Studio
SAS 9.3,
SAS 9.4,
Sassafras K2 Client,K2 Client
SimUText,SimUText 2018-2019
SimUText 2016-2017,SimUText 2018-2019
SimUText 2018-2019,SimUText 2018-2019
SketchUp 2014,SketchUp 2017
SketchUp 2015,SketchUp 2017
SketchUp 2016,SketchUp 2017
SketchUp 2017,SketchUp 2017
SketchUp 8,SketchUp 2017
Skype version 8.19,Skype
Skype version 8.22,Skype
Skype version 8.25,Skype
Skype version 8.27,Skype
Skype version 8.29,Skype
Skype version 8.30,Skype
Skype version 8.32,Skype
Skype version 8.33,Skype
Skype version 8.34,Skype
Skype version 8.36,Skype
Skype version 8.37,Skype
Skype version 8.38,Skype
Skype version 8.39,Skype
Skype version 8.40,Skype
Skype™ 6.11,Skype
Skype™ 6.14,Skype
Skype™ 6.18,Skype
Skype™ 6.20,Skype
Skype™ 6.3,Skype
Skype™ 6.7,Skype
Skype™ 7.0,Skype
Skype™ 7.1,Skype
Skype™ 7.12,Skype
Skype™ 7.13,Skype
Skype™ 7.14,Skype
Skype™ 7.16,Skype
Skype™ 7.18,Skype
Skype™ 7.21,Skype
Skype™ 7.22,Skype
Skype™ 7.25,Skype
Skype™ 7.26,Skype
Skype™ 7.27,Skype
Skype™ 7.28,Skype
Skype™ 7.29,Skype
Skype™ 7.3,Skype
Skype™ 7.30,Skype
Skype™ 7.31,Skype
Skype™ 7.32,Skype
Skype™ 7.33,Skype
Skype™ 7.34,Skype
Skype™ 7.35,Skype
Skype™ 7.36,Skype
Skype™ 7.37,Skype
Skype™ 7.38,Skype
Skype™ 7.39,Skype
Skype™ 7.4,Skype
Skype™ 7.40,Skype
Skype™ 7.41,Skype
Skype™ 7.5,Skype
SolidWorks 2012 x64 Edition SP05,Solidworks
SolidWorks 2014 x64 Edition SP05,Solidworks
SOLIDWORKS 2015 x64 Edition SP02.1,Solidworks
SOLIDWORKS 2015 x64 Edition SP04,Solidworks
SOLIDWORKS 2015 x64 Edition SP05,Solidworks
Solidworks 2016,Solidworks
SOLIDWORKS 2016 x64 Edition SP04,Solidworks
SOLIDWORKS 2017 SP02,Solidworks
SOLIDWORKS 2017 SP03,Solidworks
SOLIDWORKS 2018 SP02,Solidworks
SOLIDWORKS 2018 SP03,Solidworks
SOLIDWORKS 2018 SP04,Solidworks
SOLIDWORKS 2018 SP05,Solidworks
SpectraSuite,SpectraSuite
SPSS 13.0 for Windows,IBM SPSS Statistics 25
SQL Server 2008 R2 SP1 Management Studio,Microsoft SQL Mangement Studio
SQL Server 2008 R2 SP2 Management Studio,Microsoft SQL Mangement Studio
SQL Server 2012 Management Studio,Microsoft SQL Mangement Studio
SQL Server 2014 Management Studio,Microsoft SQL Mangement Studio
SQL Server 2016 Management Studio,Microsoft SQL Mangement Studio
SQL Server 2016 RC3 Management Studio,Microsoft SQL Mangement Studio
SQL Server Management Studio,Microsoft SQL Mangement Studio
Starry Night Pro Plus,Starry Night Pro Plus
Starry Night Pro Plus 6,Starry Night Pro Plus
Starry Night Pro Plus 7,Starry Night Pro Plus
Stats,Stats
Surfer,Surfer
Surfer 10 (32-bit),Surfer
Surfer 10 (64-bit),Surfer
Surfer 13,Surfer
SWI-Prolog (remove only),SWI Prolog
Teams Machine-Wide Installer,Teams Machine-Wide Installer
Techlog 2017.1 (r210977),Techlog 2017.2 (r234070)
Techlog 2017.2 (r234070),Techlog 2017.2 (r234070)
Tessaral,Tessaral
Tesseral Pro,Tessaral
Toad Data Point 3.7,Toad Data Point
Toad Data Point 3.8,Toad Data Point
Toad Data Point 4.1 (32-bit),Toad Data Point
Toad Data Point 4.1 (64-bit),Toad Data Point
Toad Data Point 4.2 (32-bit),Toad Data Point
Toad Data Point 4.2 (64-bit),Toad Data Point
Toad Data Point 4.3 (32-bit),Toad Data Point
TortoiseGit 1.8.15.0 (64 bit),TortoiseGit 2.8.0.0 (64 bit)
TortoiseGit 1.8.9.0 (64 bit),TortoiseGit 2.8.0.0 (64 bit)
TortoiseGit 2.6.0.0 (64 bit),TortoiseGit 2.8.0.0 (64 bit)
TortoiseGit 2.7.0.0 (64 bit),TortoiseGit 2.8.0.0 (64 bit)
TortoiseGit 2.8.0.0 (64 bit),TortoiseGit 2.8.0.0 (64 bit)
TortoiseHg 3.4.1 (x86),TortoiseHg 4.9.0 (x64)
TortoiseSVN 1.11.1.28492 (64 bit),TortoiseSVN 1.11.1.28492 (64 bit)
TortoiseSVN 1.7.4.22459 (64 bit),TortoiseSVN 1.11.1.28492 (64 bit)
TortoiseSVN 1.9.2.26806 (64 bit),TortoiseSVN 1.11.1.28492 (64 bit)
TortoiseSVN 1.9.6.27867 (64 bit),TortoiseSVN 1.11.1.28492 (64 bit)
TortoiseSVN 1.9.7.27907 (64 bit),TortoiseSVN 1.11.1.28492 (64 bit)
UA Adobe Dreamweaver cs6,Adobe Dreamweaver
UA Adobe DW 12.0.2 x64,Adobe Dreamweaver
UA Adobe Fireworks CS6 x64,Adobe Fireworks
UA Adobe Flash Pro CS6 x64,Adobe Flash Pro
UA Adobe Illistrator CS6 x64,Adobe Illustrator
UA Adobe Photoshop CS6 x64,Adobe Photoshop
UA Adobe Premiere Pro,Adobe Premiere Pro
Unity,Unity 3D
Unity Web Player (x64) (All users),Unity 3D
VirtualBox,Virtual Box
VISSIM,VISSIM
VisSim v8.0- Academic,VISSIM
VISTA 2017 Desktop seismic data processing,Vista
Visual Studio Community 2017,Visual Studio Community 2017 Web
VLC media player,VLC
VLC media player 1.1.11,VLC
VLC media player 2.0.0,VLC
VLC media player 2.0.1,VLC
VLC media player 2.0.2,VLC
VLC media player 2.0.3,VLC
VLC media player 2.0.5,VLC
VLC media player 2.0.7,VLC
VLC media player 2.1.1,VLC
VLC media player 2.1.2,VLC
VLC media player 2.1.3,VLC
Voxler,Voxler
Voxler 2 (64-bit),Voxler
VUE 3.2.2,VUE
VUE 3.3.0,VUE
VUE version 3.3.1,VUE
Wacom,Wacom Drivers
Wacom Drivers,Wacom Drivers
Wacom Tablet,Wacom Drivers
win32forth,win32forth
WinSCP 4.3.2,WinSCP
WinSCP 4.3.8,WinSCP
WinSCP 4.3.9,WinSCP
WinSCP 5.11.3,WinSCP
WinSCP 5.13.2,WinSCP
WinSCP 5.13.3,WinSCP
WinSCP 5.13.4,WinSCP
WinSCP 5.13.7,WinSCP
WinSCP 5.5.6,WinSCP
WinSCP 5.7.5,WinSCP
WinSCP 5.7.7,WinSCP
WinSCP 5.8.1 beta,WinSCP
WinSCP 5.9,WinSCP
WinSCP 5.9.1,WinSCP
WinSCP 5.9.3,WinSCP
WinSCP 5.9.6,WinSCP
Wireshark,Wireshark
Wireshark 1.12.8 (64-bit),Wireshark
Wireshark 1.4.6,Wireshark
Wireshark 2.0.1 (64-bit),Wireshark
Wireshark 2.0.4 (64-bit),Wireshark
Wireshark 2.0.5 (64-bit),Wireshark
Wireshark 2.2.1 (64-bit),Wireshark
Wireshark 2.2.4 (64-bit),Wireshark
Wireshark 2.4.1 64-bit,Wireshark
Wireshark 2.4.6 64-bit,Wireshark
Wireshark 2.6.0 64-bit,Wireshark
Wireshark 2.6.1 64-bit,Wireshark
Wireshark 2.6.2 64-bit,Wireshark
Wireshark 2.6.3 64-bit,Wireshark
Wireshark 2.6.4 64-bit,Wireshark
Wireshark 2.6.5 64-bit,Wireshark
Wireshark 2.6.6 64-bit,Wireshark
WolfPack,Wolfpack_Setup
Wolfpack_Setup,Wolfpack_Setup
Wolfram CDF Player (M-WIN-D 10.3.1 5452218),Wolfram CDF Player
Wolfram CDF Player (M-WIN-D 10.4.1 5521357),Wolfram CDF Player
Wolfram CDF Player 11.2 (M-WIN-D 11.2.0 5833975),Wolfram CDF Player
Wolfram CDF Player 11.3 (M-WIN-D 11.3.0 5948685),Wolfram CDF Player
Wolfram Mathematica 10 (M-WIN-L 10.0.2 5206639),Wolfram Mathematica
Wolfram Mathematica 10.3 (M-WIN-L 10.3.1 5448563),Wolfram Mathematica
Wolfram Mathematica 11 (M-WIN-L 11.0.1 5597744),Wolfram Mathematica
Wolfram Mathematica 11.1.1 (M-WIN-L 11.1.1 5716995),Wolfram Mathematica
Wolfram Mathematica 11.2 (M-WIN-L 11.2.0 5822651),Wolfram Mathematica
Wolfram Mathematica 11.3 (M-WIN-L 11.3.0 5944644),Wolfram Mathematica
Wolfram Mathematica 8 (M-WIN-L 8.0.4 2615665),Wolfram Mathematica
Wolfram Mathematica 9 (M-WIN-L 9.0.0 3868239),Wolfram Mathematica
Wolfram Mathematica 9 (M-WIN-L 9.0.1 4055652),Wolfram Mathematica
WolfVision vSolution Link 2.10,Wolfvision
WolfVision vSolution Link 2.11,Wolfvision
WolfVision vSolution Link 2.7.1,Wolfvision
WolfVision vSolution Link 2.9.1,Wolfvision
Workflows,Workflows
WorkFlows 3.3.1J,Workflows
Working Model 2D,Working Model 2D
Works 6-9 Converter,Works 6-9 Converter
Xilinx Design Tools  ISE WebPACK 14.7 (C:\Xilinx\14.7\ISE_DS),Xilinx
Xilinx Design Tools Vivado HL WebPACK 2018.3 (C:\Xilinx),Xilinx
Xshell 5,XShell
Xshell 6,Xshell
Z+FLaserControl 8.9.1.21205 for using with Z+F Scanners,ZF Laser Control
Z+FLaserControl 8.9.2.22191 for using with Z+F Scanners,ZF Laser Control
